Feature,Importance
TotalWorkingYears,0.2304430262322421
OverTime,0.1257113798482387
DailyRate,0.11472950785015167
MonthlyIncome,0.1118213989852845
Age,0.08761599716599702
MaritalStatus,0.07375684565478084
HourlyRate,0.06799652622151423
NumCompaniesWorked,0.056752413781826126
YearsInCurrentRole,0.033950713092420384
EnvironmentSatisfaction,0.024575707752997167
